ICAO,PHASE,STND,RWY,N,VALID,REF_20,ID,OBSERVED
LEBL,ARR,01,25R,56,56,3.6166666666666667,ARR-01-25R,2019
LEBL,ARR,02,25R,54,54,3.8500000000000005,ARR-02-25R,2019
LEBL,ARR,03,25R,38,38,4.083333333333333,ARR-03-25R,2019
LEBL,ARR,100,02,82,82,3.043333333333333,ARR-100-02,2019
LEBL,ARR,100,07L,206,206,2.45,ARR-100-07L,2019
LEBL,ARR,100,25R,856,856,1.95,ARR-100-25R,2019
LEBL,ARR,101,02,111,111,2.716666666666667,ARR-101-02,2019
LEBL,ARR,101,07L,353,353,2.1333333333333333,ARR-101-07L,2019
LEBL,ARR,101,25R,1553,1553,1.7666666666666666,ARR-101-25R,2019
LEBL,ARR,102,02,183,183,2.6333333333333333,ARR-102-02,2019
LEBL,ARR,102,07L,326,326,2.35,ARR-102-07L,2019
LEBL,ARR,102,25L,32,32,5.0600000000000005,ARR-102-25L,2019
LEBL,ARR,102,25R,1390,1390,1.9666666666666666,ARR-102-25R,2019
LEBL,ARR,103,02,43,43,2.9299999999999997,ARR-103-02,2019
LEBL,ARR,103,07L,71,71,2.6666666666666665,ARR-103-07L,2019
LEBL,ARR,103,25R,321,321,1.8,ARR-103-25R,2019
LEBL,ARR,104,02,225,225,2.966666666666667,ARR-104-02,2019
LEBL,ARR,104,07L,280,280,2.5166666666666666,ARR-104-07L,2019
LEBL,ARR,104,25L,44,44,4.416666666666667,ARR-104-25L,2019
LEBL,ARR,104,25R,1207,1207,1.7333333333333334,ARR-104-25R,2019
LEBL,ARR,105,02,211,211,3.0833333333333335,ARR-105-02,2019
LEBL,ARR,105,07L,259,259,2.8533333333333335,ARR-105-07L,2019
LEBL,ARR,105,25L,43,43,4.696666666666667,ARR-105-25L,2019
LEBL,ARR,105,25R,998,998,1.8900000000000001,ARR-105-25R,2019
LEBL,ARR,106,02,153,153,3.0300000000000002,ARR-106-02,2019
LEBL,ARR,106,07L,206,206,2.9,ARR-106-07L,2019
LEBL,ARR,106,25R,970,970,1.9,ARR-106-25R,2019
LEBL,ARR,107,02,169,169,2.87,ARR-107-02,2019
LEBL,ARR,107,07L,235,235,2.7466666666666666,ARR-107-07L,2019
LEBL,ARR,107,25L,34,34,4.46,ARR-107-25L,2019
LEBL,ARR,107,25R,867,867,1.6666666666666667,ARR-107-25R,2019
LEBL,ARR,108,02,65,65,3.0233333333333334,ARR-108-02,2019
LEBL,ARR,108,07L,86,86,3.033333333333333,ARR-108-07L,2019
LEBL,ARR,108,25R,380,380,1.7833333333333334,ARR-108-25R,2019
LEBL,ARR,109,02,83,83,3.1733333333333333,ARR-109-02,2019
LEBL,ARR,109,07L,101,101,2.9,ARR-109-07L,2019
LEBL,ARR,109,25R,422,422,1.37,ARR-109-25R,2019
LEBL,ARR,11,25R,88,88,2.606666666666667,ARR-11-25R,2019
LEBL,ARR,110,02,222,222,3.11,ARR-110-02,2019
LEBL,ARR,110,07L,286,286,3,ARR-110-07L,2019
LEBL,ARR,110,25L,45,45,3.963333333333334,ARR-110-25L,2019
LEBL,ARR,110,25R,1177,1177,1.3666666666666667,ARR-110-25R,2019
LEBL,ARR,111,02,217,217,3.3333333333333335,ARR-111-02,2019
LEBL,ARR,111,07L,297,297,3.25,ARR-111-07L,2019
LEBL,ARR,111,25L,40,40,4.180000000000001,ARR-111-25L,2019
LEBL,ARR,111,25R,1311,1311,1.5166666666666666,ARR-111-25R,2019
LEBL,ARR,112,02,246,246,3.3666666666666667,ARR-112-02,2019
LEBL,ARR,112,07L,436,436,3.3666666666666667,ARR-112-07L,2019
LEBL,ARR,112,25L,38,38,4.096666666666667,ARR-112-25L,2019
LEBL,ARR,112,25R,2063,2063,1.6,ARR-112-25R,2019
LEBL,ARR,113,02,248,248,3.1666666666666665,ARR-113-02,2019
LEBL,ARR,113,07L,367,367,3.0166666666666666,ARR-113-07L,2019
LEBL,ARR,113,25L,46,46,3.55,ARR-113-25L,2019
LEBL,ARR,113,25R,1691,1691,1.4,ARR-113-25R,2019
LEBL,ARR,113A,07L,44,44,4.583333333333333,ARR-113A-07L,2019
LEBL,ARR,113A,25R,127,127,2.4233333333333333,ARR-113A-25R,2019
LEBL,ARR,114,02,231,231,3.3666666666666667,ARR-114-02,2019
LEBL,ARR,114,07L,339,339,3.3100000000000005,ARR-114-07L,2019
LEBL,ARR,114,25L,46,46,3.966666666666667,ARR-114-25L,2019
LEBL,ARR,114,25R,1632,1632,1.65,ARR-114-25R,2019
LEBL,ARR,115,02,198,198,3.45,ARR-115-02,2019
LEBL,ARR,115,07L,379,379,3.3333333333333335,ARR-115-07L,2019
LEBL,ARR,115,25L,40,40,4.763333333333334,ARR-115-25L,2019
LEBL,ARR,115,25R,1770,1770,1.8,ARR-115-25R,2019
LEBL,ARR,116,02,227,227,3.6366666666666667,ARR-116-02,2019
LEBL,ARR,116,07L,382,382,3.4,ARR-116-07L,2019
LEBL,ARR,116,25L,37,37,4.863333333333333,ARR-116-25L,2019
LEBL,ARR,116,25R,1781,1781,1.8666666666666667,ARR-116-25R,2019
LEBL,ARR,117,02,247,247,3.8200000000000003,ARR-117-02,2019
LEBL,ARR,117,07L,411,411,3.5833333333333335,ARR-117-07L,2019
LEBL,ARR,117,25L,35,35,4.963333333333334,ARR-117-25L,2019
LEBL,ARR,117,25R,1840,1840,1.9833333333333334,ARR-117-25R,2019
LEBL,ARR,118,02,220,220,3.683333333333333,ARR-118-02,2019
LEBL,ARR,118,07L,310,310,3.5466666666666664,ARR-118-07L,2019
LEBL,ARR,118,25L,33,33,4.683333333333334,ARR-118-25L,2019
LEBL,ARR,118,25R,1367,1367,1.9366666666666665,ARR-118-25R,2019
LEBL,ARR,119,02,128,128,3.5566666666666666,ARR-119-02,2019
LEBL,ARR,119,07L,141,141,3.5,ARR-119-07L,2019
LEBL,ARR,119,25R,642,642,1.9,ARR-119-25R,2019
LEBL,ARR,119A,25R,76,76,2.9166666666666665,ARR-119A-25R,2019
LEBL,ARR,12,25R,68,68,2.8933333333333335,ARR-12-25R,2019
LEBL,ARR,120,02,182,182,3.67,ARR-120-02,2019
LEBL,ARR,120,07L,268,268,3.7733333333333334,ARR-120-07L,2019
LEBL,ARR,120,25L,31,31,4.8,ARR-120-25L,2019
LEBL,ARR,120,25R,1136,1136,1.8166666666666667,ARR-120-25R,2019
LEBL,ARR,121,02,182,182,3.9533333333333336,ARR-121-02,2019
LEBL,ARR,121,07L,310,310,3.8833333333333333,ARR-121-07L,2019
LEBL,ARR,121,25R,1251,1251,1.8333333333333333,ARR-121-25R,2019
LEBL,ARR,121A,07L,36,36,4.983333333333333,ARR-121A-07L,2019
LEBL,ARR,121A,25R,89,89,2.3133333333333335,ARR-121A-25R,2019
LEBL,ARR,122,02,137,137,4.166666666666667,ARR-122-02,2019
LEBL,ARR,122,07L,278,278,4.3,ARR-122-07L,2019
LEBL,ARR,122,25R,1242,1242,2.216666666666667,ARR-122-25R,2019
LEBL,ARR,124,02,120,120,4.583333333333333,ARR-124-02,2019
LEBL,ARR,124,07L,244,244,4.266666666666667,ARR-124-07L,2019
LEBL,ARR,124,25R,1129,1129,2.3,ARR-124-25R,2019
LEBL,ARR,124A,07L,47,47,5.540000000000001,ARR-124A-07L,2019
LEBL,ARR,124A,25R,177,177,3.316666666666667,ARR-124A-25R,2019
LEBL,ARR,125,02,63,63,5.413333333333333,ARR-125-02,2019
LEBL,ARR,125,07L,160,160,4.533333333333333,ARR-125-07L,2019
LEBL,ARR,125,25R,629,629,2.6166666666666667,ARR-125-25R,2019
LEBL,ARR,126,02,35,35,4.796666666666667,ARR-126-02,2019
LEBL,ARR,126,07L,88,88,4.506666666666667,ARR-126-07L,2019
LEBL,ARR,126,25R,414,414,2.6333333333333333,ARR-126-25R,2019
LEBL,ARR,126A,02,32,32,6.24,ARR-126A-02,2019
LEBL,ARR,126A,07L,106,106,5.6,ARR-126A-07L,2019
LEBL,ARR,126A,25R,367,367,3.5,ARR-126A-25R,2019
LEBL,ARR,128,07L,116,116,4.8,ARR-128-07L,2019
LEBL,ARR,128,25R,450,450,2.846666666666667,ARR-128-25R,2019
LEBL,ARR,128A,07L,68,68,5.746666666666667,ARR-128A-07L,2019
LEBL,ARR,128A,25R,298,298,3.7233333333333336,ARR-128A-25R,2019
LEBL,ARR,129,07L,77,77,5.086666666666667,ARR-129-07L,2019
LEBL,ARR,129,25R,304,304,3.21,ARR-129-25R,2019
LEBL,ARR,13,25R,49,49,3.02,ARR-13-25R,2019
LEBL,ARR,131,02,62,62,4.893333333333333,ARR-131-02,2019
LEBL,ARR,131,07L,45,45,4.029999999999999,ARR-131-07L,2019
LEBL,ARR,131,25R,153,153,2.7,ARR-131-25R,2019
LEBL,ARR,132,02,74,74,4.67,ARR-132-02,2019
LEBL,ARR,132,07L,49,49,4.713333333333334,ARR-132-07L,2019
LEBL,ARR,132,25R,195,195,2.9633333333333334,ARR-132-25R,2019
LEBL,ARR,133,02,61,61,4.666666666666667,ARR-133-02,2019
LEBL,ARR,133,07L,139,139,4.596666666666667,ARR-133-07L,2019
LEBL,ARR,133,25R,492,492,2.87,ARR-133-25R,2019
LEBL,ARR,134,02,71,71,4.383333333333334,ARR-134-02,2019
LEBL,ARR,134,07L,80,80,4.48,ARR-134-07L,2019
LEBL,ARR,134,25R,343,343,3.04,ARR-134-25R,2019
LEBL,ARR,135,02,56,56,4.766666666666667,ARR-135-02,2019
LEBL,ARR,135,07L,82,82,4.463333333333333,ARR-135-07L,2019
LEBL,ARR,135,25R,273,273,3.0733333333333337,ARR-135-25R,2019
LEBL,ARR,136,25R,39,39,3.5999999999999996,ARR-136-25R,2019
LEBL,ARR,137,02,39,39,5.836666666666668,ARR-137-02,2019
LEBL,ARR,137,25R,72,72,3.8433333333333337,ARR-137-25R,2019
LEBL,ARR,138,02,217,217,5.220000000000001,ARR-138-02,2019
LEBL,ARR,139,02,227,227,5.5,ARR-139-02,2019
LEBL,ARR,139,25L,31,31,6.766666666666667,ARR-139-25L,2019
LEBL,ARR,14,25R,36,36,2.7333333333333334,ARR-14-25R,2019
LEBL,ARR,142A,25R,48,48,3.9833333333333334,ARR-142A-25R,2019
LEBL,ARR,143,02,230,230,5.296666666666667,ARR-143-02,2019
LEBL,ARR,143,07L,38,38,5.016666666666667,ARR-143-07L,2019
LEBL,ARR,143,25R,177,177,3.236666666666667,ARR-143-25R,2019
LEBL,ARR,144,02,151,151,5.616666666666666,ARR-144-02,2019
LEBL,ARR,151A,02,83,83,5.316666666666666,ARR-151A-02,2019
LEBL,ARR,151A,07L,40,40,4.733333333333333,ARR-151A-07L,2019
LEBL,ARR,151A,25R,135,135,3.546666666666667,ARR-151A-25R,2019
LEBL,ARR,152A,02,52,52,5.33,ARR-152A-02,2019
LEBL,ARR,152A,07L,30,30,3.8933333333333335,ARR-152A-07L,2019
LEBL,ARR,152A,25R,117,117,3.5033333333333334,ARR-152A-25R,2019
LEBL,ARR,154,07L,38,38,4.326666666666667,ARR-154-07L,2019
LEBL,ARR,154,25R,166,166,3.9,ARR-154-25R,2019
LEBL,ARR,154A,25R,38,38,3.94,ARR-154A-25R,2019
LEBL,ARR,155,25R,105,105,4.08,ARR-155-25R,2019
LEBL,ARR,157A,02,223,223,5.9,ARR-157A-02,2019
LEBL,ARR,157A,25R,40,40,4.016666666666667,ARR-157A-25R,2019
LEBL,ARR,161,02,103,103,4.623333333333333,ARR-161-02,2019
LEBL,ARR,161,07L,34,34,4.626666666666667,ARR-161-07L,2019
LEBL,ARR,161,25R,166,166,2.9166666666666665,ARR-161-25R,2019
LEBL,ARR,162,02,111,111,4.633333333333334,ARR-162-02,2019
LEBL,ARR,162,07L,31,31,4.633333333333334,ARR-162-07L,2019
LEBL,ARR,162,25R,151,151,3.1166666666666667,ARR-162-25R,2019
LEBL,ARR,163,02,113,113,4.963333333333334,ARR-163-02,2019
LEBL,ARR,163,07L,33,33,4.223333333333334,ARR-163-07L,2019
LEBL,ARR,163,25R,152,152,3.0833333333333335,ARR-163-25R,2019
LEBL,ARR,164,02,113,113,4.966666666666667,ARR-164-02,2019
LEBL,ARR,164,07L,31,31,4.166666666666667,ARR-164-07L,2019
LEBL,ARR,164,25R,134,134,3.2666666666666666,ARR-164-25R,2019
LEBL,ARR,165,02,104,104,4.930000000000001,ARR-165-02,2019
LEBL,ARR,165,07L,37,37,4.51,ARR-165-07L,2019
LEBL,ARR,165,25R,125,125,3.236666666666667,ARR-165-25R,2019
LEBL,ARR,171,02,115,115,5.026666666666666,ARR-171-02,2019
LEBL,ARR,171,07L,36,36,4.6,ARR-171-07L,2019
LEBL,ARR,171,25R,151,151,2.966666666666667,ARR-171-25R,2019
LEBL,ARR,172,02,123,123,5.2,ARR-172-02,2019
LEBL,ARR,172,25R,145,145,3.433333333333333,ARR-172-25R,2019
LEBL,ARR,173,02,118,118,5.279999999999999,ARR-173-02,2019
LEBL,ARR,173,25R,139,139,3.466666666666667,ARR-173-25R,2019
LEBL,ARR,174,02,60,60,5.583333333333333,ARR-174-02,2019
LEBL,ARR,174,25R,89,89,3.71,ARR-174-25R,2019
LEBL,ARR,175,02,93,93,5.5,ARR-175-02,2019
LEBL,ARR,175,25R,145,145,3.6233333333333335,ARR-175-25R,2019
LEBL,ARR,181,02,93,93,5.013333333333334,ARR-181-02,2019
LEBL,ARR,181,07L,31,31,3.45,ARR-181-07L,2019
LEBL,ARR,181,25R,140,140,3.046666666666667,ARR-181-25R,2019
LEBL,ARR,182,02,116,116,4.966666666666667,ARR-182-02,2019
LEBL,ARR,182,25R,142,142,3.0166666666666666,ARR-182-25R,2019
LEBL,ARR,183,02,113,113,5.066666666666666,ARR-183-02,2019
LEBL,ARR,183,25R,138,138,3.3899999999999997,ARR-183-25R,2019
LEBL,ARR,184,02,100,100,5.166666666666667,ARR-184-02,2019
LEBL,ARR,184,25R,159,159,3.466666666666667,ARR-184-25R,2019
LEBL,ARR,185,02,92,92,5.226666666666667,ARR-185-02,2019
LEBL,ARR,185,25R,156,156,3.25,ARR-185-25R,2019
LEBL,ARR,200,02,68,68,6.34,ARR-200-02,2019
LEBL,ARR,200,07L,499,499,4.226666666666667,ARR-200-07L,2019
LEBL,ARR,200,25R,2284,2284,2.3833333333333333,ARR-200-25R,2019
LEBL,ARR,200R,02,230,230,5.416666666666667,ARR-200R-02,2019
LEBL,ARR,200R,25L,40,40,4.903333333333333,ARR-200R-25L,2019
LEBL,ARR,200R,25R,74,74,2.566666666666667,ARR-200R-25R,2019
LEBL,ARR,202,02,151,151,5.766666666666667,ARR-202-02,2019
LEBL,ARR,202,07L,442,442,4.319999999999999,ARR-202-07L,2019
LEBL,ARR,202,25R,2067,2067,2.433333333333333,ARR-202-25R,2019
LEBL,ARR,204,02,202,202,5.85,ARR-204-02,2019
LEBL,ARR,204,07L,452,452,4.286666666666666,ARR-204-07L,2019
LEBL,ARR,204,25R,2002,2002,2.533333333333333,ARR-204-25R,2019
LEBL,ARR,206,02,242,242,5.366666666666666,ARR-206-02,2019
LEBL,ARR,206,07L,452,452,4.233333333333333,ARR-206-07L,2019
LEBL,ARR,206,25L,37,37,4.886666666666667,ARR-206-25L,2019
LEBL,ARR,206,25R,1971,1971,2.3833333333333333,ARR-206-25R,2019
LEBL,ARR,208,02,254,254,5.3100000000000005,ARR-208-02,2019
LEBL,ARR,208,07L,430,430,4.246666666666667,ARR-208-07L,2019
LEBL,ARR,208,25L,38,38,4.536666666666666,ARR-208-25L,2019
LEBL,ARR,208,25R,1906,1906,2.433333333333333,ARR-208-25R,2019
LEBL,ARR,21,02,38,38,1.5466666666666669,ARR-21-02,2019
LEBL,ARR,21,07L,36,36,2.05,ARR-21-07L,2019
LEBL,ARR,21,25R,168,168,2.8,ARR-21-25R,2019
LEBL,ARR,210,02,266,266,5.366666666666666,ARR-210-02,2019
LEBL,ARR,210,07L,419,419,4.2,ARR-210-07L,2019
LEBL,ARR,210,25L,43,43,4.663333333333333,ARR-210-25L,2019
LEBL,ARR,210,25R,1880,1880,2.466666666666667,ARR-210-25R,2019
LEBL,ARR,212,02,178,178,5.45,ARR-212-02,2019
LEBL,ARR,212,07L,455,455,4.15,ARR-212-07L,2019
LEBL,ARR,212,25R,2000,2000,2.3666666666666667,ARR-212-25R,2019
LEBL,ARR,214,02,239,239,5.176666666666667,ARR-214-02,2019
LEBL,ARR,214,07L,257,257,3.9533333333333336,ARR-214-07L,2019
LEBL,ARR,214,25L,33,33,4.643333333333333,ARR-214-25L,2019
LEBL,ARR,214,25R,1173,1173,2.316666666666667,ARR-214-25R,2019
LEBL,ARR,216,02,201,201,5.8,ARR-216-02,2019
LEBL,ARR,216,07L,88,88,3.456666666666667,ARR-216-07L,2019
LEBL,ARR,216,25L,42,42,4.333333333333334,ARR-216-25L,2019
LEBL,ARR,216,25R,401,401,1.9833333333333334,ARR-216-25R,2019
LEBL,ARR,217,02,63,63,7.836666666666667,ARR-217-02,2019
LEBL,ARR,217,07L,176,176,5.466666666666667,ARR-217-07L,2019
LEBL,ARR,217,25R,785,785,2.466666666666667,ARR-217-25R,2019
LEBL,ARR,218,02,213,213,6.173333333333334,ARR-218-02,2019
LEBL,ARR,218,07L,81,81,3.9,ARR-218-07L,2019
LEBL,ARR,218,25L,40,40,4.943333333333333,ARR-218-25L,2019
LEBL,ARR,218,25R,349,349,2.2666666666666666,ARR-218-25R,2019
LEBL,ARR,22,25R,39,39,2.6366666666666667,ARR-22-25R,2019
LEBL,ARR,220,02,171,171,5.833333333333333,ARR-220-02,2019
LEBL,ARR,220,07L,203,203,3.663333333333333,ARR-220-07L,2019
LEBL,ARR,220,25R,1006,1006,2.283333333333333,ARR-220-25R,2019
LEBL,ARR,221,02,41,41,7.783333333333333,ARR-221-02,2019
LEBL,ARR,221,07L,107,107,5.266666666666667,ARR-221-07L,2019
LEBL,ARR,221,25R,420,420,2.8300000000000005,ARR-221-25R,2019
LEBL,ARR,222,02,133,133,6.023333333333333,ARR-222-02,2019
LEBL,ARR,222,07L,193,193,3.8333333333333335,ARR-222-07L,2019
LEBL,ARR,222,25R,965,965,2.183333333333333,ARR-222-25R,2019
LEBL,ARR,224,02,115,115,5.166666666666667,ARR-224-02,2019
LEBL,ARR,224,07L,182,182,3.5833333333333335,ARR-224-07L,2019
LEBL,ARR,224,25R,827,827,2.15,ARR-224-25R,2019
LEBL,ARR,226,02,103,103,5.046666666666667,ARR-226-02,2019
LEBL,ARR,226,07L,176,176,3.6,ARR-226-07L,2019
LEBL,ARR,226,25R,812,812,2.1033333333333335,ARR-226-25R,2019
LEBL,ARR,228,02,298,298,5.08,ARR-228-02,2019
LEBL,ARR,228,07L,460,460,3.7333333333333334,ARR-228-07L,2019
LEBL,ARR,228,25L,43,43,3.256666666666667,ARR-228-25L,2019
LEBL,ARR,228,25R,2172,2172,2.1,ARR-228-25R,2019
LEBL,ARR,230,02,249,249,4.833333333333333,ARR-230-02,2019
LEBL,ARR,230,07L,473,473,3.6,ARR-230-07L,2019
LEBL,ARR,230,25L,44,44,3.333333333333333,ARR-230-25L,2019
LEBL,ARR,230,25R,2051,2051,1.9833333333333334,ARR-230-25R,2019
LEBL,ARR,232,02,255,255,4.913333333333334,ARR-232-02,2019
LEBL,ARR,232,07L,470,470,3.5633333333333335,ARR-232-07L,2019
LEBL,ARR,232,25L,40,40,2.83,ARR-232-25L,2019
LEBL,ARR,232,25R,2010,2010,1.9333333333333333,ARR-232-25R,2019
LEBL,ARR,234,02,247,247,4.75,ARR-234-02,2019
LEBL,ARR,234,07L,448,448,3.54,ARR-234-07L,2019
LEBL,ARR,234,25L,44,44,3.08,ARR-234-25L,2019
LEBL,ARR,234,25R,1966,1966,1.9,ARR-234-25R,2019
LEBL,ARR,236,02,237,237,4.720000000000001,ARR-236-02,2019
LEBL,ARR,236,07L,434,434,3.35,ARR-236-07L,2019
LEBL,ARR,236,25L,38,38,3.13,ARR-236-25L,2019
LEBL,ARR,236,25R,1831,1831,1.75,ARR-236-25R,2019
LEBL,ARR,238,02,224,224,4.6,ARR-238-02,2019
LEBL,ARR,238,07L,385,385,3.35,ARR-238-07L,2019
LEBL,ARR,238,25L,44,44,2.8833333333333333,ARR-238-25L,2019
LEBL,ARR,238,25R,1705,1705,1.8666666666666667,ARR-238-25R,2019
LEBL,ARR,240,02,198,198,4.59,ARR-240-02,2019
LEBL,ARR,240,07L,362,362,3.3,ARR-240-07L,2019
LEBL,ARR,240,25L,38,38,3.126666666666667,ARR-240-25L,2019
LEBL,ARR,240,25R,1552,1552,1.85,ARR-240-25R,2019
LEBL,ARR,242,02,200,200,4.483333333333333,ARR-242-02,2019
LEBL,ARR,242,07L,331,331,3.3,ARR-242-07L,2019
LEBL,ARR,242,25L,38,38,2.75,ARR-242-25L,2019
LEBL,ARR,242,25R,1364,1364,1.8333333333333333,ARR-242-25R,2019
LEBL,ARR,244,02,204,204,4.233333333333333,ARR-244-02,2019
LEBL,ARR,244,07L,270,270,3.0800000000000005,ARR-244-07L,2019
LEBL,ARR,244,25L,35,35,2.6966666666666668,ARR-244-25L,2019
LEBL,ARR,244,25R,1151,1151,1.75,ARR-244-25R,2019
LEBL,ARR,246,02,128,128,4.24,ARR-246-02,2019
LEBL,ARR,246,07L,155,155,3.013333333333333,ARR-246-07L,2019
LEBL,ARR,246,25R,675,675,1.5333333333333334,ARR-246-25R,2019
LEBL,ARR,247,25R,66,66,2.966666666666667,ARR-247-25R,2019
LEBL,ARR,248,02,175,175,4.466666666666667,ARR-248-02,2019
LEBL,ARR,248,07L,289,289,3.31,ARR-248-07L,2019
LEBL,ARR,248,25L,36,36,2.1666666666666665,ARR-248-25L,2019
LEBL,ARR,248,25R,1161,1161,1.9166666666666667,ARR-248-25R,2019
LEBL,ARR,250,02,138,138,5.033333333333333,ARR-250-02,2019
LEBL,ARR,250,07L,257,257,4.253333333333334,ARR-250-07L,2019
LEBL,ARR,250,25R,1048,1048,2.6166666666666667,ARR-250-25R,2019
LEBL,ARR,252,02,98,98,5.156666666666667,ARR-252-02,2019
LEBL,ARR,252,07L,387,387,3.95,ARR-252-07L,2019
LEBL,ARR,252,25R,1528,1528,2.4,ARR-252-25R,2019
LEBL,ARR,254,02,135,135,4.98,ARR-254-02,2019
LEBL,ARR,254,07L,403,403,4.133333333333334,ARR-254-07L,2019
LEBL,ARR,254,25R,1669,1669,2.5,ARR-254-25R,2019
LEBL,ARR,256,02,167,167,4.936666666666667,ARR-256-02,2019
LEBL,ARR,256,07L,442,442,4.12,ARR-256-07L,2019
LEBL,ARR,256,25L,30,30,2.056666666666667,ARR-256-25L,2019
LEBL,ARR,256,25R,1876,1876,2.5833333333333335,ARR-256-25R,2019
LEBL,ARR,258,02,196,196,5.15,ARR-258-02,2019
LEBL,ARR,258,07L,463,463,4.29,ARR-258-07L,2019
LEBL,ARR,258,25L,41,41,1.9,ARR-258-25L,2019
LEBL,ARR,258,25R,1999,1999,2.716666666666667,ARR-258-25R,2019
LEBL,ARR,260,02,223,223,5.156666666666667,ARR-260-02,2019
LEBL,ARR,260,07L,489,489,4.493333333333333,ARR-260-07L,2019
LEBL,ARR,260,25L,38,38,1.83,ARR-260-25L,2019
LEBL,ARR,260,25R,2119,2119,2.8,ARR-260-25R,2019
LEBL,ARR,262,02,251,251,5.2,ARR-262-02,2019
LEBL,ARR,262,07L,497,497,4.52,ARR-262-07L,2019
LEBL,ARR,262,25L,40,40,1.8599999999999999,ARR-262-25L,2019
LEBL,ARR,262,25R,2159,2159,2.933333333333333,ARR-262-25R,2019
LEBL,ARR,264,02,259,259,5.133333333333334,ARR-264-02,2019
LEBL,ARR,264,07L,537,537,4.75,ARR-264-07L,2019
LEBL,ARR,264,25L,46,46,1.7333333333333334,ARR-264-25L,2019
LEBL,ARR,264,25R,2342,2342,3.0166666666666666,ARR-264-25R,2019
LEBL,ARR,266,02,267,267,5.366666666666666,ARR-266-02,2019
LEBL,ARR,266,07L,518,518,4.766666666666667,ARR-266-07L,2019
LEBL,ARR,266,25L,47,47,1.7400000000000002,ARR-266-25L,2019
LEBL,ARR,266,25R,2338,2338,3.1,ARR-266-25R,2019
LEBL,ARR,268,02,248,248,5.556666666666667,ARR-268-02,2019
LEBL,ARR,268,07L,530,530,4.866666666666666,ARR-268-07L,2019
LEBL,ARR,268,25L,55,55,1.5633333333333335,ARR-268-25L,2019
LEBL,ARR,268,25R,2372,2372,3.2333333333333334,ARR-268-25R,2019
LEBL,ARR,270,02,426,426,7.283333333333333,ARR-270-02,2019
LEBL,ARR,270,07L,270,270,6.183333333333334,ARR-270-07L,2019
LEBL,ARR,270,25L,47,47,2.4066666666666663,ARR-270-25L,2019
LEBL,ARR,270,25R,1317,1317,4.266666666666667,ARR-270-25R,2019
LEBL,ARR,272,02,202,202,5.966666666666667,ARR-272-02,2019
LEBL,ARR,272,07L,119,119,4.966666666666667,ARR-272-07L,2019
LEBL,ARR,272,25L,32,32,1.8733333333333333,ARR-272-25L,2019
LEBL,ARR,272,25R,487,487,3.2,ARR-272-25R,2019
LEBL,ARR,273,02,92,92,8.486666666666666,ARR-273-02,2019
LEBL,ARR,273,07L,169,169,6.45,ARR-273-07L,2019
LEBL,ARR,273,25R,734,734,4.826666666666666,ARR-273-25R,2019
LEBL,ARR,274,02,170,170,5.710000000000001,ARR-274-02,2019
LEBL,ARR,274,07L,119,119,5.243333333333333,ARR-274-07L,2019
LEBL,ARR,274,25R,492,492,3.4166666666666665,ARR-274-25R,2019
LEBL,ARR,276,02,145,145,5.966666666666667,ARR-276-02,2019
LEBL,ARR,276,07L,96,96,5.483333333333333,ARR-276-07L,2019
LEBL,ARR,276,25L,40,40,1.58,ARR-276-25L,2019
LEBL,ARR,276,25R,497,497,3.8533333333333335,ARR-276-25R,2019
LEBL,ARR,277,02,79,79,9.07,ARR-277-02,2019
LEBL,ARR,277,07L,165,165,7.023333333333333,ARR-277-07L,2019
LEBL,ARR,277,25R,697,697,5.286666666666667,ARR-277-25R,2019
LEBL,ARR,278,02,160,160,6.326666666666666,ARR-278-02,2019
LEBL,ARR,278,07L,77,77,5.25,ARR-278-07L,2019
LEBL,ARR,278,25L,34,34,1.85,ARR-278-25L,2019
LEBL,ARR,278,25R,381,381,3.6333333333333333,ARR-278-25R,2019
LEBL,ARR,280,02,65,65,5.843333333333334,ARR-280-02,2019
LEBL,ARR,280,25R,98,98,3.456666666666667,ARR-280-25R,2019
LEBL,ARR,281,02,62,62,9.386666666666667,ARR-281-02,2019
LEBL,ARR,281,07L,82,82,6.873333333333333,ARR-281-07L,2019
LEBL,ARR,281,25R,305,305,5.5,ARR-281-25R,2019
LEBL,ARR,282,02,52,52,5.94,ARR-282-02,2019
LEBL,ARR,282,25R,34,34,3.75,ARR-282-25R,2019
LEBL,ARR,284,02,53,53,5.723333333333333,ARR-284-02,2019
LEBL,ARR,284,25R,74,74,3.5833333333333335,ARR-284-25R,2019
LEBL,ARR,285,02,130,130,9.816666666666666,ARR-285-02,2019
LEBL,ARR,285,07L,38,38,7.056666666666667,ARR-285-07L,2019
LEBL,ARR,285,25R,165,165,5.906666666666667,ARR-285-25R,2019
LEBL,ARR,287,02,60,60,10.626666666666667,ARR-287-02,2019
LEBL,ARR,287,07L,41,41,7.666666666666667,ARR-287-07L,2019
LEBL,ARR,287,25R,174,174,6.043333333333333,ARR-287-25R,2019
LEBL,ARR,288,02,108,108,5.996666666666667,ARR-288-02,2019
LEBL,ARR,288,25R,55,55,3.5600000000000005,ARR-288-25R,2019
LEBL,ARR,290,02,146,146,6.266666666666667,ARR-290-02,2019
LEBL,ARR,290,25L,30,30,2.0966666666666667,ARR-290-25L,2019
LEBL,ARR,290,25R,84,84,3.4699999999999998,ARR-290-25R,2019
LEBL,ARR,291,07L,40,40,7.506666666666667,ARR-291-07L,2019
LEBL,ARR,291,25R,146,146,6.183333333333334,ARR-291-25R,2019
LEBL,ARR,292,02,159,159,6.183333333333334,ARR-292-02,2019
LEBL,ARR,292,25R,122,122,3.986666666666667,ARR-292-25R,2019
LEBL,ARR,295,07L,39,39,7.963333333333334,ARR-295-07L,2019
LEBL,ARR,295,25R,132,132,6.503333333333334,ARR-295-25R,2019
LEBL,ARR,296,02,149,149,6.276666666666667,ARR-296-02,2019
LEBL,ARR,296,25R,117,117,3.986666666666667,ARR-296-25R,2019
LEBL,ARR,300,02,174,174,4.6433333333333335,ARR-300-02,2019
LEBL,ARR,300,07L,127,127,3.1566666666666667,ARR-300-07L,2019
LEBL,ARR,300,25R,445,445,1.45,ARR-300-25R,2019
LEBL,ARR,302,02,160,160,4.8933333333333335,ARR-302-02,2019
LEBL,ARR,302,07L,133,133,3.5366666666666666,ARR-302-07L,2019
LEBL,ARR,302,25R,495,495,1.9166666666666667,ARR-302-25R,2019
LEBL,ARR,31,25R,85,85,3.08,ARR-31-25R,2019
LEBL,ARR,310,02,137,137,4.6066666666666665,ARR-310-02,2019
LEBL,ARR,310,07L,229,229,3.2,ARR-310-07L,2019
LEBL,ARR,310,25R,773,773,1.5666666666666667,ARR-310-25R,2019
LEBL,ARR,312,02,145,145,4.710000000000001,ARR-312-02,2019
LEBL,ARR,312,07L,121,121,3.1,ARR-312-07L,2019
LEBL,ARR,312,25R,483,483,1.7166666666666666,ARR-312-25R,2019
LEBL,ARR,314,02,132,132,4.786666666666666,ARR-314-02,2019
LEBL,ARR,314,07L,134,134,3.3600000000000003,ARR-314-07L,2019
LEBL,ARR,314,25R,563,563,1.75,ARR-314-25R,2019
LEBL,ARR,32,25R,103,103,3.1966666666666663,ARR-32-25R,2019
LEBL,ARR,320,02,159,159,4.446666666666667,ARR-320-02,2019
LEBL,ARR,320,07L,211,211,2.85,ARR-320-07L,2019
LEBL,ARR,320,25R,737,737,1.5,ARR-320-25R,2019
LEBL,ARR,322,02,156,156,4.35,ARR-322-02,2019
LEBL,ARR,322,07L,115,115,3.05,ARR-322-07L,2019
LEBL,ARR,322,25R,431,431,1.5666666666666667,ARR-322-25R,2019
LEBL,ARR,33,25R,94,94,2.916666666666667,ARR-33-25R,2019
LEBL,ARR,330,02,142,142,4.236666666666666,ARR-330-02,2019
LEBL,ARR,330,07L,168,168,2.8233333333333333,ARR-330-07L,2019
LEBL,ARR,330,25R,696,696,1.4166666666666667,ARR-330-25R,2019
LEBL,ARR,332,02,139,139,4.283333333333333,ARR-332-02,2019
LEBL,ARR,332,07L,114,114,3.1266666666666665,ARR-332-07L,2019
LEBL,ARR,332,25R,383,383,1.5566666666666666,ARR-332-25R,2019
LEBL,ARR,334,02,148,148,4.43,ARR-334-02,2019
LEBL,ARR,334,07L,132,132,3.086666666666667,ARR-334-07L,2019
LEBL,ARR,334,25R,567,567,1.7166666666666666,ARR-334-25R,2019
LEBL,ARR,34,25R,75,75,3.106666666666667,ARR-34-25R,2019
LEBL,ARR,340,02,191,191,4.75,ARR-340-02,2019
LEBL,ARR,340,25R,100,100,1.8433333333333335,ARR-340-25R,2019
LEBL,ARR,342,02,148,148,3.88,ARR-342-02,2019
LEBL,ARR,342,07L,100,100,2.7,ARR-342-07L,2019
LEBL,ARR,342,25R,425,425,1.3166666666666667,ARR-342-25R,2019
LEBL,ARR,35,25R,75,75,3.3133333333333335,ARR-35-25R,2019
LEBL,ARR,36,25R,66,66,3.3333333333333335,ARR-36-25R,2019
LEBL,ARR,37,25R,48,48,3.5,ARR-37-25R,2019
LEBL,ARR,38,25R,42,42,3.6799999999999997,ARR-38-25R,2019
LEBL,ARR,40,02,33,33,1.3666666666666667,ARR-40-02,2019
LEBL,ARR,40,07L,43,43,2.066666666666667,ARR-40-07L,2019
LEBL,ARR,40,25R,203,203,2.4833333333333334,ARR-40-25R,2019
LEBL,ARR,400,02,142,142,4.713333333333334,ARR-400-02,2019
LEBL,ARR,400,07L,89,89,3.8333333333333335,ARR-400-07L,2019
LEBL,ARR,400,25R,403,403,2.3233333333333337,ARR-400-25R,2019
LEBL,ARR,41,07L,44,44,2.12,ARR-41-07L,2019
LEBL,ARR,41,25R,140,140,2.8466666666666667,ARR-41-25R,2019
LEBL,ARR,410,02,120,120,5.483333333333333,ARR-410-02,2019
LEBL,ARR,410,07L,153,153,4.663333333333334,ARR-410-07L,2019
LEBL,ARR,410,25R,505,505,3.096666666666667,ARR-410-25R,2019
LEBL,ARR,412,02,148,148,5.416666666666667,ARR-412-02,2019
LEBL,ARR,412,07L,120,120,4.713333333333334,ARR-412-07L,2019
LEBL,ARR,412,25R,447,447,3.216666666666667,ARR-412-25R,2019
LEBL,ARR,414,02,148,148,5.623333333333333,ARR-414-02,2019
LEBL,ARR,414,07L,84,84,4.833333333333333,ARR-414-07L,2019
LEBL,ARR,414,25R,335,335,3.0466666666666664,ARR-414-25R,2019
LEBL,ARR,42,25R,39,39,2.873333333333333,ARR-42-25R,2019
LEBL,ARR,420,02,50,50,5.25,ARR-420-02,2019
LEBL,ARR,420,07L,115,115,4.033333333333333,ARR-420-07L,2019
LEBL,ARR,420,25R,523,523,2.7,ARR-420-25R,2019
LEBL,ARR,421,25R,38,38,3.1566666666666663,ARR-421-25R,2019
LEBL,ARR,422,02,50,50,5.466666666666667,ARR-422-02,2019
LEBL,ARR,422,07L,66,66,4.183333333333334,ARR-422-07L,2019
LEBL,ARR,422,25R,276,276,2.683333333333333,ARR-422-25R,2019
LEBL,ARR,425,02,103,103,5.87,ARR-425-02,2019
LEBL,ARR,425,07L,72,72,5.326666666666666,ARR-425-07L,2019
LEBL,ARR,425,25R,382,382,3.44,ARR-425-25R,2019
LEBL,ARR,43,25R,38,38,3.326666666666666,ARR-43-25R,2019
LEBL,ARR,44A,25R,66,66,3.7,ARR-44A-25R,2019
LEBL,ARR,46A,25R,75,75,3.5166666666666666,ARR-46A-25R,2019
LEBL,ARR,48A,25R,70,70,4.006666666666667,ARR-48A-25R,2019
LEBL,ARR,51,07L,46,46,2.1,ARR-51-07L,2019
LEBL,ARR,51,25R,253,253,3.066666666666667,ARR-51-25R,2019
LEBL,ARR,52,07L,36,36,2.4166666666666665,ARR-52-07L,2019
LEBL,ARR,52,25R,191,191,3.1333333333333333,ARR-52-25R,2019
LEBL,ARR,53,07L,42,42,2.3433333333333333,ARR-53-07L,2019
LEBL,ARR,53,25R,181,181,3.2,ARR-53-25R,2019
LEBL,ARR,55,25R,88,88,3.5,ARR-55-25R,2019
LEBL,ARR,56,25R,77,77,3.45,ARR-56-25R,2019
LEBL,ARR,57,25R,80,80,3.69,ARR-57-25R,2019
LEBL,ARR,61,07L,65,65,2.1733333333333333,ARR-61-07L,2019
LEBL,ARR,61,25R,206,206,2.95,ARR-61-25R,2019
LEBL,ARR,62,07L,44,44,2.043333333333333,ARR-62-07L,2019
LEBL,ARR,62,25R,164,164,3.0166666666666666,ARR-62-25R,2019
LEBL,ARR,63,25R,110,110,3.046666666666667,ARR-63-25R,2019
LEBL,ARR,71,25R,99,99,3.0266666666666664,ARR-71-25R,2019
LEBL,ARR,72,25R,72,72,3.19,ARR-72-25R,2019
LEBL,ARR,81,25R,32,32,2.526666666666667,ARR-81-25R,2019
LEBL,ARR,83,02,37,37,2.3466666666666667,ARR-83-02,2019
LEBL,ARR,84,02,31,31,2.966666666666667,ARR-84-02,2019
LEBL,ARR,84,25R,42,42,2.41,ARR-84-25R,2019
LEBL,ARR,85,25R,61,61,2.3666666666666667,ARR-85-25R,2019
LEBL,ARR,86,02,33,33,2.6833333333333336,ARR-86-02,2019
LEBL,ARR,86,25R,60,60,2.3433333333333337,ARR-86-25R,2019
LEBL,ARR,87,02,34,34,2.7600000000000002,ARR-87-02,2019
LEBL,ARR,87,25R,76,76,2.9,ARR-87-25R,2019
LEBL,ARR,91,25R,166,166,2.283333333333333,ARR-91-25R,2019
LEBL,ARR,92,07L,64,64,2.2866666666666666,ARR-92-07L,2019
LEBL,ARR,92,25R,301,301,2.3333333333333335,ARR-92-25R,2019
LEBL,ARR,93,02,43,43,2.77,ARR-93-02,2019
LEBL,ARR,93,07L,100,100,2.47,ARR-93-07L,2019
LEBL,ARR,93,25R,512,512,2.433333333333333,ARR-93-25R,2019
LEBL,ARR,94,07L,44,44,2.35,ARR-94-07L,2019
LEBL,ARR,94,25R,216,216,2.6,ARR-94-25R,2019
LEBL,ARR,95,02,77,77,3.1033333333333335,ARR-95-02,2019
LEBL,ARR,95,07L,346,346,2.6666666666666665,ARR-95-07L,2019
LEBL,ARR,95,25R,1379,1379,2.816666666666667,ARR-95-25R,2019
LEBL,ARR,96,02,149,149,3.1933333333333334,ARR-96-02,2019
LEBL,ARR,96,07L,484,484,2.8,ARR-96-07L,2019
LEBL,ARR,96,25L,30,30,6.246666666666666,ARR-96-25L,2019
LEBL,ARR,96,25R,2024,2024,2.933333333333333,ARR-96-25R,2019
LEBL,ARR,UNKNOWN,02,56,56,3.783333333333333,ARR-UNKNOWN-02,2019
LEBL,ARR,UNKNOWN,25R,191,191,2.716666666666667,ARR-UNKNOWN-25R,2019
LEBL,DEP,01,25L,59,59,15.813333333333334,DEP-01-25L,2019
LEBL,DEP,02,25L,61,61,17.216666666666665,DEP-02-25L,2019
LEBL,DEP,03,25L,46,46,15.966666666666667,DEP-03-25L,2019
LEBL,DEP,100,07R,308,308,15.906666666666666,DEP-100-07R,2019
LEBL,DEP,100,25L,848,848,17.623333333333335,DEP-100-25L,2019
LEBL,DEP,101,07R,479,479,15.110000000000001,DEP-101-07R,2019
LEBL,DEP,101,25L,1553,1553,16.656666666666666,DEP-101-25L,2019
LEBL,DEP,102,07R,528,528,13.95,DEP-102-07R,2019
LEBL,DEP,102,25L,1399,1399,16.336666666666666,DEP-102-25L,2019
LEBL,DEP,103,07R,121,121,14.233333333333333,DEP-103-07R,2019
LEBL,DEP,103,25L,323,323,17.716666666666665,DEP-103-25L,2019
LEBL,DEP,104,07R,519,519,13.643333333333334,DEP-104-07R,2019
LEBL,DEP,104,25L,1240,1240,16.21333333333333,DEP-104-25L,2019
LEBL,DEP,105,07R,483,483,13.433333333333334,DEP-105-07R,2019
LEBL,DEP,105,25L,1036,1036,15.95,DEP-105-25L,2019
LEBL,DEP,106,07R,377,377,13.4,DEP-106-07R,2019
LEBL,DEP,106,25L,977,977,15.953333333333333,DEP-106-25L,2019
LEBL,DEP,107,07R,415,415,13.783333333333335,DEP-107-07R,2019
LEBL,DEP,107,25L,887,887,15.6,DEP-107-25L,2019
LEBL,DEP,108,07R,150,150,14.633333333333333,DEP-108-07R,2019
LEBL,DEP,108,25L,405,405,17.3,DEP-108-25L,2019
LEBL,DEP,109,07R,171,171,14.283333333333333,DEP-109-07R,2019
LEBL,DEP,109,25L,451,451,16.8,DEP-109-25L,2019
LEBL,DEP,11,25L,84,84,15.143333333333333,DEP-11-25L,2019
LEBL,DEP,110,07R,519,519,12.853333333333335,DEP-110-07R,2019
LEBL,DEP,110,25L,1213,1213,16.4,DEP-110-25L,2019
LEBL,DEP,111,07R,517,517,13.77,DEP-111-07R,2019
LEBL,DEP,111,25L,1348,1348,16.55,DEP-111-25L,2019
LEBL,DEP,112,07R,710,710,14.033333333333333,DEP-112-07R,2019
LEBL,DEP,112,25L,2068,2068,16.616666666666667,DEP-112-25L,2019
LEBL,DEP,113,07R,629,629,13.483333333333334,DEP-113-07R,2019
LEBL,DEP,113,25L,1721,1721,15.75,DEP-113-25L,2019
LEBL,DEP,113A,07R,37,37,24.453333333333333,DEP-113A-07R,2019
LEBL,DEP,113A,25L,144,144,22.67,DEP-113A-25L,2019
LEBL,DEP,114,07R,595,595,12.76,DEP-114-07R,2019
LEBL,DEP,114,25L,1660,1660,15.416666666666666,DEP-114-25L,2019
LEBL,DEP,115,07R,573,573,14.240000000000002,DEP-115-07R,2019
LEBL,DEP,115,25L,1819,1819,15.783333333333333,DEP-115-25L,2019
LEBL,DEP,116,07R,538,538,15.643333333333334,DEP-116-07R,2019
LEBL,DEP,116,25L,1892,1892,16.2,DEP-116-25L,2019
LEBL,DEP,117,07R,573,573,16.523333333333333,DEP-117-07R,2019
LEBL,DEP,117,25L,1967,1967,16.316666666666666,DEP-117-25L,2019
LEBL,DEP,118,07R,471,471,16.033333333333335,DEP-118-07R,2019
LEBL,DEP,118,25L,1453,1453,16.7,DEP-118-25L,2019
LEBL,DEP,119,07R,228,228,14.559999999999999,DEP-119-07R,2019
LEBL,DEP,119,25L,711,711,15.116666666666667,DEP-119-25L,2019
LEBL,DEP,119A,07R,33,33,21.71666666666667,DEP-119A-07R,2019
LEBL,DEP,119A,25L,77,77,22.243333333333336,DEP-119A-25L,2019
LEBL,DEP,12,25L,71,71,12.5,DEP-12-25L,2019
LEBL,DEP,120,07R,384,384,15.276666666666667,DEP-120-07R,2019
LEBL,DEP,120,25L,1232,1232,16.05,DEP-120-25L,2019
LEBL,DEP,121,07R,516,516,13.55,DEP-121-07R,2019
LEBL,DEP,121,25L,1230,1230,15.683333333333334,DEP-121-25L,2019
LEBL,DEP,121A,07R,40,40,22.233333333333334,DEP-121A-07R,2019
LEBL,DEP,121A,25L,103,103,21.66,DEP-121A-25L,2019
LEBL,DEP,122,07R,434,434,14.883333333333333,DEP-122-07R,2019
LEBL,DEP,122,25L,1238,1238,16.7,DEP-122-25L,2019
LEBL,DEP,124,07R,396,396,14.416666666666666,DEP-124-07R,2019
LEBL,DEP,124,25L,1108,1108,16.256666666666668,DEP-124-25L,2019
LEBL,DEP,124A,07R,58,58,21.623333333333335,DEP-124A-07R,2019
LEBL,DEP,124A,25L,162,162,21.276666666666667,DEP-124A-25L,2019
LEBL,DEP,125,07R,251,251,17,DEP-125-07R,2019
LEBL,DEP,125,25L,600,600,17.716666666666665,DEP-125-25L,2019
LEBL,DEP,126,07R,165,165,15.526666666666667,DEP-126-07R,2019
LEBL,DEP,126,25L,377,377,16.7,DEP-126-25L,2019
LEBL,DEP,126A,07R,145,145,19.023333333333333,DEP-126A-07R,2019
LEBL,DEP,126A,25L,336,336,20.116666666666667,DEP-126A-25L,2019
LEBL,DEP,126A,25R,37,37,20.296666666666667,DEP-126A-25R,2019
LEBL,DEP,128,07R,190,190,16.283333333333335,DEP-128-07R,2019
LEBL,DEP,128,25L,397,397,17.433333333333334,DEP-128-25L,2019
LEBL,DEP,128A,07R,73,73,22.096666666666668,DEP-128A-07R,2019
LEBL,DEP,128A,25L,268,268,20.643333333333334,DEP-128A-25L,2019
LEBL,DEP,128A,25R,39,39,19.533333333333335,DEP-128A-25R,2019
LEBL,DEP,129,07R,124,124,17.69333333333333,DEP-129-07R,2019
LEBL,DEP,129,25L,266,266,18.383333333333333,DEP-129-25L,2019
LEBL,DEP,13,25L,48,48,14.99,DEP-13-25L,2019
LEBL,DEP,131,07R,84,84,10.49,DEP-131-07R,2019
LEBL,DEP,131,25L,181,181,12.283333333333333,DEP-131-25L,2019
LEBL,DEP,132,07R,94,94,11.39,DEP-132-07R,2019
LEBL,DEP,132,25L,238,238,11.893333333333334,DEP-132-25L,2019
LEBL,DEP,133,07R,185,185,11.113333333333333,DEP-133-07R,2019
LEBL,DEP,133,25L,527,527,11.77,DEP-133-25L,2019
LEBL,DEP,134,07R,123,123,11.76,DEP-134-07R,2019
LEBL,DEP,134,25L,388,388,11.903333333333332,DEP-134-25L,2019
LEBL,DEP,135,07R,111,111,11.516666666666667,DEP-135-07R,2019
LEBL,DEP,135,25L,310,310,11.946666666666667,DEP-135-25L,2019
LEBL,DEP,136,25L,38,38,19.633333333333333,DEP-136-25L,2019
LEBL,DEP,137,07R,38,38,15.530000000000001,DEP-137-07R,2019
LEBL,DEP,137,25L,87,87,18.64,DEP-137-25L,2019
LEBL,DEP,138,07R,80,80,14.643333333333334,DEP-138-07R,2019
LEBL,DEP,138,25L,172,172,16.023333333333333,DEP-138-25L,2019
LEBL,DEP,139,07R,96,96,14.033333333333333,DEP-139-07R,2019
LEBL,DEP,139,25L,167,167,16.296666666666667,DEP-139-25L,2019
LEBL,DEP,14,25L,38,38,17.203333333333333,DEP-14-25L,2019
LEBL,DEP,142A,25L,77,77,14.173333333333336,DEP-142A-25L,2019
LEBL,DEP,143,07R,314,314,10.233333333333333,DEP-143-07R,2019
LEBL,DEP,143,25L,153,153,11.3,DEP-143-25L,2019
LEBL,DEP,143A,25L,32,32,14.620000000000001,DEP-143A-25L,2019
LEBL,DEP,144,07R,53,53,12.176666666666668,DEP-144-07R,2019
LEBL,DEP,144,25L,122,122,12.84,DEP-144-25L,2019
LEBL,DEP,151A,07R,85,85,11.536666666666667,DEP-151A-07R,2019
LEBL,DEP,151A,25L,174,174,12.3,DEP-151A-25L,2019
LEBL,DEP,152A,07R,45,45,11.246666666666668,DEP-152A-07R,2019
LEBL,DEP,152A,25L,157,157,11.290000000000001,DEP-152A-25L,2019
LEBL,DEP,154,07R,96,96,8.95,DEP-154-07R,2019
LEBL,DEP,154,25L,134,134,10.886666666666667,DEP-154-25L,2019
LEBL,DEP,154A,25L,60,60,11.416666666666666,DEP-154A-25L,2019
LEBL,DEP,155,07R,145,145,8.809999999999999,DEP-155-07R,2019
LEBL,DEP,155,25L,110,110,10.846666666666666,DEP-155-25L,2019
LEBL,DEP,155A,25L,50,50,12.266666666666667,DEP-155A-25L,2019
LEBL,DEP,157A,07R,98,98,11.356666666666666,DEP-157A-07R,2019
LEBL,DEP,157A,25L,200,200,12.25,DEP-157A-25L,2019
LEBL,DEP,161,07R,61,61,10.716666666666667,DEP-161-07R,2019
LEBL,DEP,161,25L,267,267,11.703333333333333,DEP-161-25L,2019
LEBL,DEP,162,07R,63,63,10.816666666666666,DEP-162-07R,2019
LEBL,DEP,162,25L,249,249,12.076666666666668,DEP-162-25L,2019
LEBL,DEP,163,07R,64,64,12.02,DEP-163-07R,2019
LEBL,DEP,163,25L,256,256,12.183333333333334,DEP-163-25L,2019
LEBL,DEP,164,07R,71,71,11.266666666666667,DEP-164-07R,2019
LEBL,DEP,164,25L,225,225,12.383333333333333,DEP-164-25L,2019
LEBL,DEP,165,07R,69,69,12.720000000000002,DEP-165-07R,2019
LEBL,DEP,165,25L,222,222,12.426666666666666,DEP-165-25L,2019
LEBL,DEP,171,07R,80,80,12.993333333333334,DEP-171-07R,2019
LEBL,DEP,171,25L,253,253,11.52,DEP-171-25L,2019
LEBL,DEP,172,07R,69,69,11.46,DEP-172-07R,2019
LEBL,DEP,172,25L,240,240,11.753333333333334,DEP-172-25L,2019
LEBL,DEP,173,07R,71,71,11.2,DEP-173-07R,2019
LEBL,DEP,173,25L,234,234,11.86,DEP-173-25L,2019
LEBL,DEP,174,07R,49,49,12.006666666666666,DEP-174-07R,2019
LEBL,DEP,174,25L,142,142,12.476666666666667,DEP-174-25L,2019
LEBL,DEP,175,07R,62,62,12.086666666666666,DEP-175-07R,2019
LEBL,DEP,175,25L,227,227,12.190000000000001,DEP-175-25L,2019
LEBL,DEP,181,07R,60,60,13.816666666666668,DEP-181-07R,2019
LEBL,DEP,181,25L,220,220,14.236666666666666,DEP-181-25L,2019
LEBL,DEP,182,07R,64,64,13.580000000000002,DEP-182-07R,2019
LEBL,DEP,182,25L,246,246,14,DEP-182-25L,2019
LEBL,DEP,183,07R,68,68,14.08,DEP-183-07R,2019
LEBL,DEP,183,25L,233,233,14.483333333333334,DEP-183-25L,2019
LEBL,DEP,184,07R,56,56,14.35,DEP-184-07R,2019
LEBL,DEP,184,25L,247,247,14.783333333333333,DEP-184-25L,2019
LEBL,DEP,185,07R,69,69,13.683333333333334,DEP-185-07R,2019
LEBL,DEP,185,25L,229,229,14.726666666666667,DEP-185-25L,2019
LEBL,DEP,200,07R,587,587,12.35,DEP-200-07R,2019
LEBL,DEP,200,25L,2263,2263,11.85,DEP-200-25L,2019
LEBL,DEP,200R,07R,87,87,9.093333333333332,DEP-200R-07R,2019
LEBL,DEP,200R,25L,288,288,10.469999999999999,DEP-200R-25L,2019
LEBL,DEP,202,07R,579,579,12.576666666666668,DEP-202-07R,2019
LEBL,DEP,202,25L,2090,2090,12.166666666666666,DEP-202-25L,2019
LEBL,DEP,204,07R,602,602,12.403333333333332,DEP-204-07R,2019
LEBL,DEP,204,25L,2064,2064,12.3,DEP-204-25L,2019
LEBL,DEP,206,07R,633,633,12.366666666666667,DEP-206-07R,2019
LEBL,DEP,206,25L,2016,2016,12.2,DEP-206-25L,2019
LEBL,DEP,206,25R,44,44,14.486666666666668,DEP-206-25R,2019
LEBL,DEP,208,07R,608,608,12.323333333333334,DEP-208-07R,2019
LEBL,DEP,208,25L,1921,1921,12.266666666666667,DEP-208-25L,2019
LEBL,DEP,208,25R,77,77,16.186666666666667,DEP-208-25R,2019
LEBL,DEP,21,07R,63,63,9.67,DEP-21-07R,2019
LEBL,DEP,21,25L,181,181,11.3,DEP-21-25L,2019
LEBL,DEP,210,07R,624,624,12.45,DEP-210-07R,2019
LEBL,DEP,210,25L,1906,1906,12.283333333333333,DEP-210-25L,2019
LEBL,DEP,210,25R,59,59,16.650000000000002,DEP-210-25R,2019
LEBL,DEP,212,07R,581,581,12.583333333333334,DEP-212-07R,2019
LEBL,DEP,212,25L,2057,2057,12.2,DEP-212-25L,2019
LEBL,DEP,214,07L,147,147,9.153333333333334,DEP-214-07L,2019
LEBL,DEP,214,07R,392,392,11.38,DEP-214-07R,2019
LEBL,DEP,214,25L,991,991,12.516666666666667,DEP-214-25L,2019
LEBL,DEP,214,25R,177,177,13.616666666666667,DEP-214-25R,2019
LEBL,DEP,216,07R,299,299,11.536666666666667,DEP-216-07R,2019
LEBL,DEP,216,25L,435,435,11.6,DEP-216-25L,2019
LEBL,DEP,217,07R,331,331,15.7,DEP-217-07R,2019
LEBL,DEP,217,25L,621,621,14.333333333333334,DEP-217-25L,2019
LEBL,DEP,217,25R,92,92,16.27,DEP-217-25R,2019
LEBL,DEP,218,07R,253,253,11.053333333333335,DEP-218-07R,2019
LEBL,DEP,218,25L,435,435,11.296666666666667,DEP-218-25L,2019
LEBL,DEP,22,25L,40,40,15.750000000000002,DEP-22-25L,2019
LEBL,DEP,220,07R,459,459,10.986666666666668,DEP-220-07R,2019
LEBL,DEP,220,25L,946,946,11.15,DEP-220-25L,2019
LEBL,DEP,221,07R,136,136,14.783333333333333,DEP-221-07R,2019
LEBL,DEP,221,25L,418,418,14.43,DEP-221-25L,2019
LEBL,DEP,221,25R,60,60,15.906666666666666,DEP-221-25R,2019
LEBL,DEP,222,07R,437,437,11.040000000000001,DEP-222-07R,2019
LEBL,DEP,222,25L,875,875,10.863333333333333,DEP-222-25L,2019
LEBL,DEP,224,07R,264,264,11.683333333333334,DEP-224-07R,2019
LEBL,DEP,224,25L,878,878,11.616666666666667,DEP-224-25L,2019
LEBL,DEP,226,07R,242,242,11.563333333333334,DEP-226-07R,2019
LEBL,DEP,226,25L,860,860,11.663333333333334,DEP-226-25L,2019
LEBL,DEP,228,07R,640,640,10.55,DEP-228-07R,2019
LEBL,DEP,228,25L,2330,2330,10.55,DEP-228-25L,2019
LEBL,DEP,230,07R,623,623,10.79,DEP-230-07R,2019
LEBL,DEP,230,25L,2195,2195,10.596666666666666,DEP-230-25L,2019
LEBL,DEP,232,07R,627,627,10.786666666666667,DEP-232-07R,2019
LEBL,DEP,232,25L,2144,2144,10.593333333333334,DEP-232-25L,2019
LEBL,DEP,234,07R,583,583,10.7,DEP-234-07R,2019
LEBL,DEP,234,25L,2118,2118,10.6,DEP-234-25L,2019
LEBL,DEP,236,07R,550,550,10.696666666666667,DEP-236-07R,2019
LEBL,DEP,236,25L,1987,1987,10.386666666666667,DEP-236-25L,2019
LEBL,DEP,238,07R,483,483,10.606666666666667,DEP-238-07R,2019
LEBL,DEP,238,25L,1870,1870,10.4,DEP-238-25L,2019
LEBL,DEP,240,07R,445,445,10.676666666666666,DEP-240-07R,2019
LEBL,DEP,240,25L,1702,1702,10.316666666666666,DEP-240-25L,2019
LEBL,DEP,242,07R,435,435,10.546666666666667,DEP-242-07R,2019
LEBL,DEP,242,25L,1502,1502,10.3,DEP-242-25L,2019
LEBL,DEP,244,07R,350,350,10.24,DEP-244-07R,2019
LEBL,DEP,244,25L,1313,1313,10.223333333333333,DEP-244-25L,2019
LEBL,DEP,246,07R,214,214,9.959999999999999,DEP-246-07R,2019
LEBL,DEP,246,25L,759,759,10.133333333333333,DEP-246-25L,2019
LEBL,DEP,247,25L,56,56,11.55,DEP-247-25L,2019
LEBL,DEP,248,07R,352,352,9.493333333333332,DEP-248-07R,2019
LEBL,DEP,248,25L,1309,1309,9.966666666666667,DEP-248-25L,2019
LEBL,DEP,250,07R,319,319,9.8966666666666665,DEP-250-07R,2019
LEBL,DEP,250,25L,1149,1149,10.7,DEP-250-25L,2019
LEBL,DEP,252,07R,425,425,9.35,DEP-252-07R,2019
LEBL,DEP,252,25L,1594,1594,10.266666666666667,DEP-252-25L,2019
LEBL,DEP,254,07R,465,465,9.3,DEP-254-07R,2019
LEBL,DEP,254,25L,1766,1766,10.1,DEP-254-25L,2019
LEBL,DEP,256,07R,519,519,8.946666666666667,DEP-256-07R,2019
LEBL,DEP,256,25L,1998,1998,9.85,DEP-256-25L,2019
LEBL,DEP,258,07R,577,577,9.1033333333333335,DEP-258-07R,2019
LEBL,DEP,258,25L,2124,2124,9.616666666666667,DEP-258-25L,2019
LEBL,DEP,260,07R,598,598,9.156666666666666,DEP-260-07R,2019
LEBL,DEP,260,25L,2269,2269,9.693333333333333,DEP-260-25L,2019
LEBL,DEP,262,07R,665,665,8.8,DEP-262-07R,2019
LEBL,DEP,262,25L,2277,2277,9.883333333333333,DEP-262-25L,2019
LEBL,DEP,264,07R,720,720,9.033333333333333,DEP-264-07R,2019
LEBL,DEP,264,25L,2461,2461,9.883333333333333,DEP-264-25L,2019
LEBL,DEP,266,07R,707,707,8.916666666666666,DEP-266-07R,2019
LEBL,DEP,266,25L,2466,2466,9.933333333333334,DEP-266-25L,2019
LEBL,DEP,268,07R,721,721,8.55,DEP-268-07R,2019
LEBL,DEP,268,25L,2484,2484,10.083333333333334,DEP-268-25L,2019
LEBL,DEP,270,07L,58,58,11.813333333333334,DEP-270-07L,2019
LEBL,DEP,270,07R,524,524,9.503333333333334,DEP-270-07R,2019
LEBL,DEP,270,25L,1402,1402,11.65,DEP-270-25L,2019
LEBL,DEP,270,25R,88,88,17.826666666666668,DEP-270-25R,2019
LEBL,DEP,272,07R,323,323,7.966666666666667,DEP-272-07R,2019
LEBL,DEP,272,25L,516,516,10.083333333333334,DEP-272-25L,2019
LEBL,DEP,273,07L,67,67,17.433333333333334,DEP-273-07L,2019
LEBL,DEP,273,07R,160,160,10.466666666666667,DEP-273-07R,2019
LEBL,DEP,273,25L,566,566,11.583333333333334,DEP-273-25L,2019
LEBL,DEP,273,25R,232,232,18.630000000000003,DEP-273-25R,2019
LEBL,DEP,274,07R,337,337,8.213333333333333,DEP-274-07R,2019
LEBL,DEP,274,25L,467,467,10.469999999999999,DEP-274-25L,2019
LEBL,DEP,276,07R,323,323,7.913333333333334,DEP-276-07R,2019
LEBL,DEP,276,25L,471,471,10.183333333333334,DEP-276-25L,2019
LEBL,DEP,277,07R,198,198,11.440000000000001,DEP-277-07R,2019
LEBL,DEP,277,25L,665,665,13.046666666666667,DEP-277-25L,2019
LEBL,DEP,277,25R,100,100,19.083333333333332,DEP-277-25R,2019
LEBL,DEP,278,07R,258,258,7.803333333333333,DEP-278-07R,2019
LEBL,DEP,278,25L,394,394,9.406666666666668,DEP-278-25L,2019
LEBL,DEP,280,07R,67,67,7.156666666666666,DEP-280-07R,2019
LEBL,DEP,280,25L,133,133,9.64,DEP-280-25L,2019
LEBL,DEP,281,07R,108,108,9.606666666666667,DEP-281-07R,2019
LEBL,DEP,281,25L,280,280,12.226666666666667,DEP-281-25L,2019
LEBL,DEP,281,25R,45,45,19.080000000000002,DEP-281-25R,2019
LEBL,DEP,282,07R,44,44,8.38,DEP-282-07R,2019
LEBL,DEP,282,25L,58,58,9.96,DEP-282-25L,2019
LEBL,DEP,284,07R,58,58,7.683333333333333,DEP-284-07R,2019
LEBL,DEP,284,25L,97,97,9.763333333333334,DEP-284-25L,2019
LEBL,DEP,285,07R,69,69,9.67,DEP-285-07R,2019
LEBL,DEP,285,25L,249,249,12.513333333333332,DEP-285-25L,2019
LEBL,DEP,287,07R,67,67,10.563333333333333,DEP-287-07R,2019
LEBL,DEP,287,25L,201,201,13.033333333333333,DEP-287-25L,2019
LEBL,DEP,288,07R,68,68,7.946666666666667,DEP-288-07R,2019
LEBL,DEP,288,25L,136,136,10.75,DEP-288-25L,2019
LEBL,DEP,290,07R,79,79,7.653333333333334,DEP-290-07R,2019
LEBL,DEP,290,25L,205,205,12.613333333333333,DEP-290-25L,2019
LEBL,DEP,291,07R,51,51,11.216666666666667,DEP-291-07R,2019
LEBL,DEP,291,25L,132,132,13.52,DEP-291-25L,2019
LEBL,DEP,292,07R,94,94,9.236666666666668,DEP-292-07R,2019
LEBL,DEP,292,25L,231,231,12.1,DEP-292-25L,2019
LEBL,DEP,295,07R,46,46,12.25,DEP-295-07R,2019
LEBL,DEP,295,25L,116,116,14.3,DEP-295-25L,2019
LEBL,DEP,296,07R,89,89,9.4,DEP-296-07R,2019
LEBL,DEP,296,25L,219,219,12.126666666666667,DEP-296-25L,2019
LEBL,DEP,300,07R,202,202,8.433333333333334,DEP-300-07R,2019
LEBL,DEP,300,25L,578,578,8.573333333333334,DEP-300-25L,2019
LEBL,DEP,302,07R,204,204,8.163333333333334,DEP-302-07R,2019
LEBL,DEP,302,25L,621,621,8.25,DEP-302-25L,2019
LEBL,DEP,31,25L,84,84,16.033333333333335,DEP-31-25L,2019
LEBL,DEP,310,07R,281,281,8,DEP-310-07R,2019
LEBL,DEP,310,25L,888,888,8.123333333333333,DEP-310-25L,2019
LEBL,DEP,312,07R,209,209,7.866666666666666,DEP-312-07R,2019
LEBL,DEP,312,25L,575,575,8.1,DEP-312-25L,2019
LEBL,DEP,314,07R,205,205,7.546666666666667,DEP-314-07R,2019
LEBL,DEP,314,25L,654,654,8.126666666666667,DEP-314-25L,2019
LEBL,DEP,32,07R,35,35,14.333333333333332,DEP-32-07R,2019
LEBL,DEP,32,25L,101,101,14.333333333333334,DEP-32-25L,2019
LEBL,DEP,320,07R,286,286,7.966666666666667,DEP-320-07R,2019
LEBL,DEP,320,25L,849,849,8.066666666666666,DEP-320-25L,2019
LEBL,DEP,322,07R,192,192,8.226666666666667,DEP-322-07R,2019
LEBL,DEP,322,25L,543,543,8.116666666666667,DEP-322-25L,2019
LEBL,DEP,33,07R,37,37,15.733333333333333,DEP-33-07R,2019
LEBL,DEP,33,25L,92,92,16.380000000000003,DEP-33-25L,2019
LEBL,DEP,330,07R,225,225,7.493333333333333,DEP-330-07R,2019
LEBL,DEP,330,25L,798,798,7.789999999999999,DEP-330-25L,2019
LEBL,DEP,332,07R,170,170,7.766666666666667,DEP-332-07R,2019
LEBL,DEP,332,25L,499,499,7.71,DEP-332-25L,2019
LEBL,DEP,334,07R,201,201,7.433333333333334,DEP-334-07R,2019
LEBL,DEP,334,25L,678,678,7.77,DEP-334-25L,2019
LEBL,DEP,34,25L,80,80,14.94,DEP-34-25L,2019
LEBL,DEP,340,07L,45,45,8.206666666666667,DEP-340-07L,2019
LEBL,DEP,340,07R,73,73,7.846666666666667,DEP-340-07R,2019
LEBL,DEP,340,25L,168,168,7.633333333333334,DEP-340-25L,2019
LEBL,DEP,340,25R,60,60,9.16,DEP-340-25R,2019
LEBL,DEP,342,07R,172,172,7.2,DEP-342-07R,2019
LEBL,DEP,342,25L,528,528,7.966666666666667,DEP-342-25L,2019
LEBL,DEP,35,25L,73,73,16.433333333333334,DEP-35-25L,2019
LEBL,DEP,36,25L,65,65,16.080000000000002,DEP-36-25L,2019
LEBL,DEP,37,25L,48,48,16.28,DEP-37-25L,2019
LEBL,DEP,38,25L,41,41,16.716666666666665,DEP-38-25L,2019
LEBL,DEP,40,07R,74,74,10.010000000000002,DEP-40-07R,2019
LEBL,DEP,40,25L,203,203,11.256666666666668,DEP-40-25L,2019
LEBL,DEP,400,07R,150,150,5.803333333333333,DEP-400-07R,2019
LEBL,DEP,400,25L,519,519,6.776666666666667,DEP-400-25L,2019
LEBL,DEP,41,07R,61,61,12.366666666666667,DEP-41-07R,2019
LEBL,DEP,41,25L,149,149,11.893333333333334,DEP-41-25L,2019
LEBL,DEP,410,07R,200,200,5.716666666666667,DEP-410-07R,2019
LEBL,DEP,410,25L,611,611,6.633333333333334,DEP-410-25L,2019
LEBL,DEP,412,07R,173,173,6.02,DEP-412-07R,2019
LEBL,DEP,412,25L,575,575,6.716666666666667,DEP-412-25L,2019
LEBL,DEP,414,07R,155,155,5.426666666666668,DEP-414-07R,2019
LEBL,DEP,414,25L,441,441,6.783333333333333,DEP-414-25L,2019
LEBL,DEP,42,25L,40,40,15.186666666666667,DEP-42-25L,2019
LEBL,DEP,420,07R,174,174,5.140000000000001,DEP-420-07R,2019
LEBL,DEP,420,25L,520,520,6.296666666666666,DEP-420-25L,2019
LEBL,DEP,421,25L,42,42,6.953333333333333,DEP-421-25L,2019
LEBL,DEP,422,07R,118,118,4.873333333333333,DEP-422-07R,2019
LEBL,DEP,422,25L,281,281,6.766666666666667,DEP-422-25L,2019
LEBL,DEP,425,07R,221,221,5.283333333333333,DEP-425-07R,2019
LEBL,DEP,425,25L,314,314,6.7,DEP-425-25L,2019
LEBL,DEP,425,25R,31,31,13.283333333333333,DEP-425-25R,2019
LEBL,DEP,43,25L,42,42,13.8,DEP-43-25L,2019
LEBL,DEP,44A,25L,66,66,16.9,DEP-44A-25L,2019
LEBL,DEP,46A,25L,81,81,16.283333333333335,DEP-46A-25L,2019
LEBL,DEP,48A,25L,76,76,16.866666666666667,DEP-48A-25L,2019
LEBL,DEP,51,07R,78,78,11.349999999999998,DEP-51-07R,2019
LEBL,DEP,51,25L,255,255,15.213333333333335,DEP-51-25L,2019
LEBL,DEP,52,07R,55,55,15.19,DEP-52-07R,2019
LEBL,DEP,52,25L,192,192,15.383333333333335,DEP-52-25L,2019
LEBL,DEP,53,07R,52,52,15.34,DEP-53-07R,2019
LEBL,DEP,53,25L,190,190,15.34,DEP-53-25L,2019
LEBL,DEP,55,25L,87,87,16.716666666666665,DEP-55-25L,2019
LEBL,DEP,56,25L,76,76,15.883333333333333,DEP-56-25L,2019
LEBL,DEP,57,25L,84,84,16.60333333333333,DEP-57-25L,2019
LEBL,DEP,61,07R,88,88,15.136666666666667,DEP-61-07R,2019
LEBL,DEP,61,25L,203,203,13.35666666666667,DEP-61-25L,2019
LEBL,DEP,62,07R,58,58,12.610000000000001,DEP-62-07R,2019
LEBL,DEP,62,25L,166,166,13.516666666666667,DEP-62-25L,2019
LEBL,DEP,63,07R,37,37,12.499999999999998,DEP-63-07R,2019
LEBL,DEP,63,25L,110,110,14.466666666666667,DEP-63-25L,2019
LEBL,DEP,71,25L,121,121,15.233333333333333,DEP-71-25L,2019
LEBL,DEP,72,25L,92,92,16.316666666666666,DEP-72-25L,2019
LEBL,DEP,81,25L,57,57,12.393333333333334,DEP-81-25L,2019
LEBL,DEP,82,25L,51,51,13,DEP-82-25L,2019
LEBL,DEP,83,25L,63,63,14.32,DEP-83-25L,2019
LEBL,DEP,84,25L,73,73,13.066666666666666,DEP-84-25L,2019
LEBL,DEP,85,25L,86,86,14.466666666666667,DEP-85-25L,2019
LEBL,DEP,86,25L,97,97,14.066666666666668,DEP-86-25L,2019
LEBL,DEP,87,25L,108,108,13.983333333333333,DEP-87-25L,2019
LEBL,DEP,91,07R,50,50,10.36,DEP-91-07R,2019
LEBL,DEP,91,25L,152,152,13.523333333333333,DEP-91-25L,2019
LEBL,DEP,92,07R,93,93,11.513333333333335,DEP-92-07R,2019
LEBL,DEP,92,25L,293,293,13.900000000000002,DEP-92-25L,2019
LEBL,DEP,93,07R,173,173,11.52,DEP-93-07R,2019
LEBL,DEP,93,25L,491,491,13.783333333333333,DEP-93-25L,2019
LEBL,DEP,94,07R,71,71,11.8,DEP-94-07R,2019
LEBL,DEP,94,25L,216,216,11.866666666666667,DEP-94-25L,2019
LEBL,DEP,95,07R,427,427,17.09,DEP-95-07R,2019
LEBL,DEP,95,25L,1381,1381,17.033333333333335,DEP-95-25L,2019
LEBL,DEP,96,07R,571,571,17.633333333333333,DEP-96-07R,2019
LEBL,DEP,96,25L,2106,2106,17.45,DEP-96-25L,2019
LEBL,DEP,UNKNOWN,25L,142,142,11.063333333333334,DEP-UNKNOWN-25L,2019
LEBL,DEP,UNKNOWN,25R,118,118,6.673333333333334,DEP-UNKNOWN-25R,2019
